일자,A,B,C,D,E,F,G,H,I,J,K
1987-05-01,9.33,113.1,8.61,65.6,2759.7,102135,0.85,6.1,18.58,100.7921669,3048.4
1987-06-01,9.32,113.5,8.4,66.3,2773.4,102742,0.83,6.3,18.86,100.8962691,3072.8
1987-07-01,9.42,113.8,8.45,66.8,2785.2,101990,1.01,6.1,19.86,100.9382799,3094.7
1987-08-01,9.67,114.4,8.76,66.5,2787.5,102219,1.01,5.8,18.98,100.8992643,3130.8
1987-09-01,10.18,115,9.42,65.5,2793.3,102986,1.08,5.7,18.31,100.7837042,3126.5
1987-10-01,10.52,115.3,9.52,65.9,2811.2,103893,1.12,5.7,18.76,100.6185778,3134.5
1987-11-01,10.01,115.4,8.86,65.7,2821.6,104232,1.17,5.6,17.78,100.4515666,3144.2
1987-12-01,10.11,115.4,8.99,65.5,2838.3,104472,1.13,5.4,17.05,100.3356105,3174.1
1988-01-01,9.88,115.7,8.67,65.1,2857.2,102380,1.04,6.3,16.75,100.2771455,3213.7
1988-02-01,9.4,116,8.21,65.2,2858.8,102951,1.03,6.2,15.73,100.2679894,3221.4
1988-03-01,9.39,116.5,8.37,65.2,2886.7,103693,1.1,5.9,14.73,100.2974405,3260.5
1988-04-01,9.67,117.1,8.72,65.3,2925.3,104587,1.13,5.3,16.6,100.352149,3263
1988-05-01,9.9,117.5,9.09,65.5,2910.7,105347,1.09,5.4,16.31,100.4204748,3293.6
1988-06-01,9.86,118,8.92,66.7,2935.3,106208,0.89,5.5,15.54,100.483125,3318.5
1988-07-01,9.96,118.5,9.06,67.1,2953.2,105315,0.78,5.5,14.91,100.5207681,3342.7
1988-08-01,10.11,119,9.26,66.8,2949.8,105477,0.63,5.4,14.89,100.5372113,3368
1988-09-01,9.82,119.8,8.98,65.9,2950.1,106341,0.52,5.2,13.18,100.540516,3375
1988-10-01,9.51,120.2,8.8,66.1,2962,107013,0.45,5,12.41,100.5383387,3413.7
1988-11-01,9.45,120.3,8.96,66.2,2982.7,107500,0.29,5.2,13.02,100.5313864,3430.2
1988-12-01,9.57,120.5,9.11,65.9,3000.6,107722,0.02,5,15.31,100.5128986,3459.7
1989-01-01,9.62,121.1,9.09,65.8,2998.9,105743,-0.09,6,17.17,100.4629254,3483.7
1989-02-01,9.64,121.6,9.17,65.6,2982.6,106170,-0.2,5.6,16.89,100.3647346,3488
1989-03-01,9.8,122.3,9.36,65.7,2999,106813,-0.32,5.2,18.7,100.2249008,3498.8
1989-04-01,9.79,123.1,9.18,65.9,3023.2,107611,-0.27,5.1,20.32,100.0676914,3543
1989-05-01,9.57,123.8,8.86,66.2,2996,108294,-0.16,5,18.63,99.91730059,3551.8
1989-06-01,9.1,124.1,8.28,67.4,3022.6,108937,-0.13,5.5,17.67,99.80128857,3566.6
1989-07-01,8.93,124.4,8.02,67.7,3055.6,107848,0.2,5.3,17.62,99.73064891,3585.7
1989-08-01,8.96,124.6,8.11,67.2,3071.1,107927,-0.03,5.1,16.77,99.70365583,3620.6
1989-09-01,9.01,125,8.19,66.3,3086.3,108724,-0.09,5.1,17.77,99.70687698,3621.9
1989-10-01,8.92,125.6,8.01,66.6,3109.3,109217,0.03,5,18.91,99.72068149,3633.6
1989-11-01,8.89,125.9,7.87,66.7,3136,109657,0.07,5.2,18.73,99.74279099,3643.3
1989-12-01,8.86,126.1,7.84,66.3,3165.6,109666,0.06,5.1,19.84,99.77091319,3684.2
1990-01-01,8.99,127.4,8.21,66,3170.4,107573,0.12,6,21.25,99.8027016,3730.7
1990-02-01,9.22,128,8.47,66,3170.5,108069,0.1,5.9,19.81,99.83069156,3728.2
1990-03-01,9.37,128.7,8.59,66.2,3192.6,108724,-0.04,5.5,18.39,99.83022588,3754.9
1990-04-01,9.46,128.9,8.79,66.1,3219.8,109365,0.07,5.3,16.61,99.76202332,3770
1990-05-01,9.47,129.2,8.76,66.5,3186.7,110270,0.12,5.2,16.35,99.60625132,3775.8
1990-06-01,9.26,129.9,8.48,67.4,3210.8,110837,0.13,5.4,15.1,99.34541318,3804.5
1990-07-01,9.24,130.4,8.47,67.7,3224.5,109567,0.31,5.6,17.17,98.98500959,3821.7
1990-08-01,9.41,131.6,8.75,67.1,3238.7,109449,0.69,5.5,27.17,98.55363716,3848.3
1990-09-01,9.56,132.7,8.89,66.4,3249,110044,0.81,5.6,34.9,98.11779248,3870.1
1990-10-01,9.53,133.5,8.72,66.5,3253.7,110240,0.84,5.5,36.02,97.74051784,3870.6
1990-11-01,9.3,133.8,8.39,66.3,3265.3,110203,0.79,5.9,33.07,97.48158578,3871.9
1990-12-01,9.05,133.8,8.08,66.1,3285.1,109974,0.77,6,28.27,97.38154933,3861.3
1991-01-01,9.04,134.6,8.09,65.5,3289.3,107425,0.96,7.1,23.57,97.43981957,3841
1991-02-01,8.83,134.8,7.85,65.7,3296.3,107393,0.98,7.3,19.54,97.64027615,3866.7
1991-03-01,8.93,135,8.11,65.9,3327.3,107682,1.01,7.2,19.08,97.93491792,3913
1991-04-01,8.86,135.2,8.04,66,3349.5,108070,1.09,6.5,19.18,98.26756811,3907.1
1991-05-01,8.86,135.6,8.07,66,3330.3,108752,1.29,6.7,19.19,98.59965411,3933.2
1991-06-01,9.01,136,8.28,67.2,3349.7,109233,1.32,7,18.17,98.90182419,3940.5
1991-07-01,9,136.2,8.27,67.3,3354.4,108031,1.35,6.8,19.4,99.13183552,3966
1991-08-01,8.75,136.6,7.9,66.6,3351.4,108123,1.47,6.6,19.77,99.25523989,3969.1
1991-09-01,8.61,137.2,7.65,66.1,3347.6,108840,1.47,6.5,20.5,99.27820018,3984.7
1991-10-01,8.55,137.4,7.53,66.1,3353.8,109210,1.62,6.5,22.21,99.23031706,3976
1991-11-01,8.48,137.8,7.42,66,3371.2,109226,1.86,6.7,21.11,99.16117687,4003.6
1991-12-01,8.31,137.9,7.09,65.8,3386.4,109110,2.06,6.9,18.41,99.12885771,4020.5
1992-01-01,8.2,138.1,7.03,65.7,3383.2,106723,2.07,8.1,18.16,99.17360798,4084.7
1992-02-01,8.29,138.6,7.34,65.8,3390.1,106977,2.13,8.2,18.05,99.28778349,4099.5
1992-03-01,8.35,139.3,7.54,66,3404.8,107495,1.85,7.8,17.63,99.44208841,4117
1992-04-01,8.33,139.5,7.48,66,3418.9,108330,2.14,7.2,18.92,99.5822822,4131.5
1992-05-01,8.28,139.7,7.39,66.4,3388,109137,2.16,7.3,19.89,99.6716203,4158.4
1992-06-01,8.22,140.2,7.26,67.6,3388.7,109626,2.21,8,21.16,99.6992752,4177.1
1992-07-01,8.07,140.5,6.84,67.9,3393.2,108608,2.48,7.7,20.24,99.69059224,4204.8
1992-08-01,7.95,140.9,6.59,67.2,3396.5,108664,2.4,7.4,19.74,99.68274453,4220.9
1992-09-01,7.92,141.3,6.42,66.3,3401.2,109449,2.53,7.3,20.27,99.71468944,4255.3
1992-10-01,7.99,141.8,6.59,66.2,3418.7,110036,2.51,6.9,20.26,99.80810494,4284.7
1992-11-01,8.1,142,6.87,66.2,3433.4,110276,2.29,7.1,19.21,99.94262073,4300.5
1992-12-01,7.98,141.9,6.77,66.1,3441.3,110265,2.1,7.1,18.14,100.0627775,4336.4
1993-01-01,7.91,142.6,6.6,65.6,3423.6,108099,2.21,8,17.39,100.1208797,4340.7
1993-02-01,7.71,143.1,6.26,65.8,3400.7,108702,2.16,7.8,18.47,100.1047381,4355.3
1993-03-01,7.58,143.6,5.98,65.8,3410.5,109136,2.03,7.4,18.79,100.0206515,4352.5
1993-04-01,7.46,144,5.97,65.6,3430.4,110140,2.13,6.9,18.67,99.89728894,4393.4
1993-05-01,7.43,144.2,6.04,66.3,3425,111103,2.06,6.8,18.51,99.7538423,4422.4
1993-06-01,7.33,144.4,5.96,67.3,3439.5,111693,1.8,7.2,17.65,99.63292733,4440
1993-07-01,7.17,144.4,5.81,67.5,3442.6,110825,1.74,7,16.78,99.56627932,4468.9
1993-08-01,6.85,144.8,5.68,67,3440.9,110936,1.68,6.6,16.7,99.57749648,4481.1
1993-09-01,6.66,145.1,5.36,66.1,3443.5,111925,1.51,6.4,16.01,99.67216273,4511.5
1993-10-01,6.67,145.7,5.33,66.4,3452.7,112591,1.46,6.4,16.61,99.8413007,4532.8
1993-11-01,6.93,145.8,5.72,66.3,3474.7,112934,1.56,6.2,15.2,100.0566992,4554.1
1993-12-01,6.93,145.8,5.77,66.2,3495.1,113085,1.56,6.1,13.73,100.2954119,4571.1
1994-01-01,6.92,146.2,5.75,66,3480.1,110833,1.61,7.3,14.29,100.5189714,4585.1
1994-02-01,7.08,146.7,5.97,66.2,3459.7,111414,1.5,7.1,13.8,100.7010851,4632.6
1994-03-01,7.48,147.2,6.48,66.1,3477.2,112389,1.48,6.8,13.82,100.8367757,4646
1994-04-01,7.88,147.4,6.97,66,3503.1,113469,1.42,6.2,15.23,100.9224345,4671.1
1994-05-01,7.99,147.5,7.18,66.5,3474.5,114480,1.21,5.9,16.19,100.960277,4669.5
1994-06-01,7.97,148,7.1,67.2,3477.4,115270,1.17,6.2,16.76,100.9560553,4708.9
1994-07-01,8.11,148.4,7.3,67.5,3491.5,114325,1.17,6.2,17.6,100.923327,4720.6
1994-08-01,8.07,149,7.24,67.2,3481.6,114633,1.06,5.9,16.89,100.8759042,4762.6
1994-09-01,8.34,149.4,7.46,66.5,3476.8,115693,1.07,5.6,15.9,100.8148463,4775
1994-10-01,8.57,149.5,7.74,66.8,3478.2,116318,1.01,5.4,16.49,100.7332666,4812.9
1994-11-01,8.68,149.7,7.96,66.7,3491.8,116926,0.81,5.3,17.19,100.6103018,4825.6
1994-12-01,8.46,149.7,7.81,66.5,3507.8,116964,0.22,5.1,15.93,100.4358318,4841.6
1995-01-01,8.46,150.3,7.78,66.1,3495.3,114656,0.27,6.2,16.55,100.2048306,4851.2
1995-02-01,8.26,150.9,7.47,66.2,3474.9,115314,0.36,5.9,17.11,99.9191096,4850.8
1995-03-01,8.12,151.4,7.2,66.4,3491.7,116069,0.42,5.7,17.01,99.60708883,4885.4
1995-04-01,8.03,151.9,7.06,66.4,3522.4,116902,0.49,5.6,18.65,99.31676257,4890.2
1995-05-01,7.65,152.2,6.63,66.4,3506.7,117625,0.46,5.5,18.35,99.08724257,4933.1
1995-06-01,7.3,152.5,6.17,67.2,3545.5,118341,0.45,5.8,17.31,98.93403753,4977.5
1995-07-01,7.41,152.5,6.28,67.7,3569.7,117106,0.5,5.9,15.85,98.84495067,4970.2
1995-08-01,7.57,152.9,6.49,67.1,3585.2,117370,0.51,5.6,16.1,98.78866127,5005.3
1995-09-01,7.32,153.2,6.2,66.5,3594.6,118285,0.39,5.4,16.7,98.73953674,5020.5
1995-10-01,7.12,153.7,6.04,66.7,3602.3,118886,0.34,5.2,16.11,98.69831337,5013.9
1995-11-01,7.02,153.6,5.93,66.5,3622.9,119125,0.45,5.3,16.86,98.67842951,5055.6
1995-12-01,6.82,153.5,5.71,66.2,3653.3,119123,0.39,5.2,17.93,98.69335692,5097.5
1996-01-01,6.81,154.4,5.65,65.8,3651.3,116423,0.54,6.3,17.85,98.75352371,5085.7
1996-02-01,6.99,154.9,5.81,66.1,3647.5,117363,0.78,6,18,98.86541648,5132.8
1996-03-01,7.35,155.7,6.27,66.4,3694,118167,0.61,5.8,19.85,99.01762098,5173.3
1996-04-01,7.5,156.3,6.51,66.2,3720.6,119005,0.55,5.4,20.9,99.1782162,5208
1996-05-01,7.62,156.6,6.74,66.7,3690.1,120132,0.64,5.4,19.15,99.32843489,5223.8
1996-06-01,7.71,156.7,6.91,67.4,3721,120796,0.61,5.5,18.46,99.45072144,5229.8
1996-07-01,7.65,157,6.87,67.9,3734.1,119759,0.6,5.6,19.57,99.53657708,5251.9
1996-08-01,7.46,157.3,6.64,67.2,3741.6,120051,0.61,5.1,20.51,99.60458708,5275
1996-09-01,7.66,157.8,6.83,66.8,3744.2,120796,0.6,5,22.63,99.66897185,5296.6
1996-10-01,7.39,158.3,6.53,67.1,3758.7,121516,0.62,4.9,24.16,99.73442638,5328.5
1996-11-01,7.1,158.6,6.2,67,3797.2,121976,0.5,5,22.76,99.80860217,5351.2
1996-12-01,7.2,158.6,6.3,66.7,3839.8,121954,0.52,5,23.78,99.88829227,5378.6
1997-01-01,7.42,159.1,6.58,66.4,3839.5,119412,0.57,5.9,23.54,99.98176355,5411.1
1997-02-01,7.31,159.6,6.42,66.5,3835.1,120273,0.52,5.7,20.85,100.0964502,5434
1997-03-01,7.55,160,6.69,66.9,3873.2,121156,0.47,5.5,19.13,100.2201254,5454.2
1997-04-01,7.73,160.2,6.89,66.7,3905.7,122131,0.44,4.8,17.56,100.3482855,5459.3
1997-05-01,7.58,160.1,6.71,67,3869.4,123212,0.43,4.7,19.02,100.4761786,5460.2
1997-06-01,7.41,160.3,6.49,67.8,3899.5,123861,0.4,5.2,17.58,100.5984047,5494.2
1997-07-01,7.14,160.5,6.22,68.1,3918.5,122877,0.33,5,18.46,100.7051028,5548.8
1997-08-01,7.22,160.8,6.3,67.6,3953.2,122944,0.36,4.8,18.6,100.7815492,5587
1997-09-01,7.15,161.2,6.21,67,3961.5,123949,0.33,4.7,18.46,100.8324239,5601.7
1997-10-01,7,161.6,6.03,67.1,3977.2,124852,0.26,4.4,19.87,100.8589749,5637.7
1997-11-01,6.87,161.5,5.88,67.1,4015.8,125245,0.17,4.3,19.17,100.8564074,5661.1
1997-12-01,6.76,161.3,5.81,67,4055.1,125383,0.09,4.4,17.18,100.8238863,5692.1
1998-01-01,6.61,161.6,5.54,66.6,4062.5,122832,0.18,5.2,15.19,100.7774047,5689.9
1998-02-01,6.67,161.9,5.57,66.7,4080.1,123608,0.15,5,14.07,100.7167611,5723.8
1998-03-01,6.72,162.2,5.65,67,4131.7,124330,0.09,5,13.1,100.6253927,5750.3
1998-04-01,6.69,162.5,5.64,66.6,4174.6,125372,0.08,4.1,13.53,100.5006817,5788.1
1998-05-01,6.69,162.8,5.65,67,4144,126456,0.06,4.2,14.36,100.3439247,5837.9
1998-06-01,6.53,163,5.5,67.7,4174.6,127119,-0.02,4.7,12.21,100.1654743,5871.7
1998-07-01,6.55,163.2,5.46,67.9,4193.2,126046,0,4.7,12.08,99.99306087,5890
1998-08-01,6.52,163.4,5.34,67.3,4220.3,126288,0.07,4.5,11.91,99.84845431,5925
1998-09-01,6.4,163.6,4.81,67,4254.4,127098,0.14,4.4,13.34,99.76084035,5965.6
1998-10-01,6.37,164,4.53,67.1,4291.4,127876,0.44,4.2,12.7,99.76162431,5998.8
1998-11-01,6.41,164,4.83,67.1,4345.9,128279,0.29,4.1,11.04,99.85389376,6015.4
1998-12-01,6.22,163.9,4.65,67,4399.6,128448,0.14,4,9.82,100.0045727,6070.5
1999-01-01,6.24,164.3,4.72,66.7,4409.5,125697,0.1,4.8,11.11,100.1908479,6073.9
1999-02-01,6.4,164.5,5,66.8,4418.7,126685,0.12,4.7,10.27,100.3806239,6099.2
1999-03-01,6.62,165,5.23,66.9,4455.6,127398,0.18,4.4,12.51,100.5513797,6133
1999-04-01,6.64,166.2,5.18,66.7,4501.4,128543,0.2,4.1,15.29,100.7008906,6199.5
1999-05-01,6.93,166.2,5.54,67,4464.1,129411,0.29,4,15.23,100.8289749,6232.1
1999-06-01,7.23,166.2,5.9,67.7,4494.7,130138,0.28,4.5,15.86,100.9261916,6260.3
1999-07-01,7.19,166.7,5.79,67.9,4519.6,129269,0.24,4.5,19.08,100.9956254,6287.6
1999-08-01,7.4,167.1,5.94,67.3,4539.4,129324,0.26,4.2,20.22,101.0461114,6331.9
1999-09-01,7.39,167.9,5.92,66.8,4553.1,130102,0.26,4.1,22.54,101.090612,6386.5
1999-10-01,7.55,168.2,6.11,67,4574.8,131037,0.25,3.8,22,101.1366097,6411.4
1999-11-01,7.36,168.3,6.03,67,4610.2,131497,0.17,3.8,24.58,101.1847942,6448.7
1999-12-01,7.55,168.3,6.28,67,4664.5,131634,0.18,3.7,25.47,101.2188274,6541
2000-01-01,7.78,168.8,6.66,66.8,4672.6,128992,0.22,4.5,25.51,101.2149375,6542.9
2000-02-01,7.68,169.8,6.52,67,4674.4,129655,-0.09,4.4,27.78,101.1578089,6625.3
2000-03-01,7.68,171.2,6.26,67.1,4736,130751,-0.27,4.3,27.49,101.071946,6686.5
2000-04-01,7.64,171.3,5.99,67,4806.1,131749,-0.41,3.7,22.76,100.9656912,6679.1
2000-05-01,7.99,171.5,6.44,67,4732.3,132705,-0.37,3.8,27.74,100.8342401,6709.7
2000-06-01,7.67,172.4,6.1,67.7,4757.7,133217,-0.38,4.1,29.8,100.6856604,6746.9
2000-07-01,7.65,172.8,6.05,67.6,4773.9,131998,-0.29,4.2,28.68,100.5207065,6768.5
2000-08-01,7.55,172.8,5.83,67.2,4804.4,132009,-0.4,4.1,30.2,100.3264793,6802.8
2000-09-01,7.62,173.7,5.8,66.7,4840,132677,-0.28,3.8,33.14,100.100302,6888.6
2000-10-01,7.55,174,5.74,66.9,4853.9,133236,-0.17,3.6,30.96,99.82727924,6893.8
2000-11-01,7.45,174.1,5.72,66.9,4882,133600,-0.16,3.7,32.55,99.51633574,6909.8
2000-12-01,7.21,174,5.24,67,4953,133542,-0.11,3.7,25.66,99.18129543,6952.2
2001-01-01,7.15,175.1,5.16,66.8,4979,130668,0.4,4.7,25.62,98.87571881,6987.4
2001-02-01,7.1,175.8,5.1,66.8,5008,131334,0.44,4.6,27.5,98.64165939,7001.8
2001-03-01,6.98,176.2,4.89,67,5098.3,131929,0.55,4.5,24.5,98.49088445,6996.7
2001-04-01,7.2,176.9,5.14,66.7,5174.1,132335,0.91,4.2,25.66,98.41575688,7004.2
2001-05-01,7.29,177.7,5.39,66.6,5111.2,133042,1.13,4.1,28.31,98.39322169,7052.8
2001-06-01,7.18,178,5.28,67.2,5160.6,133420,1.2,4.7,27.85,98.37369592,7069.7
2001-07-01,7.13,177.5,5.24,67.4,5189.2,131932,1.2,4.7,24.61,98.33481161,7082.3
2001-08-01,7.02,177.5,4.97,66.8,5225,131861,1.21,4.9,25.68,98.27919277,7121.7
2001-09-01,7.17,178.3,4.73,66.6,5336.6,132127,1.61,4.7,25.62,98.24356526,7007
2001-10-01,7.03,177.7,4.57,66.7,5321.7,132329,1.84,5,20.54,98.29104909,7212.9
2001-11-01,6.97,177.4,4.65,66.6,5384.7,132141,1.87,5.3,18.8,98.44499123,7182.3
2001-12-01,6.77,176.7,5.09,66.6,5465,131759,1.98,5.4,18.71,98.68610603,7166.7
2002-01-01,6.55,177.1,5.04,66.2,5451,128875,2.01,6.3,19.42,98.96474354,7184.6
2002-02-01,6.51,177.8,4.91,66.6,5470.4,129347,1.89,6.1,20.28,99.22847131,7225.2
2002-03-01,6.81,178.8,5.28,66.6,5519.2,129954,1.72,6.1,23.7,99.42674768,7243.4
2002-04-01,6.76,179.8,5.21,66.4,5533.4,130543,1.79,5.7,25.73,99.50925318,7312.5
2002-05-01,6.75,179.8,5.16,66.5,5499.8,131314,1.9,5.5,25.35,99.45832738,7288.9
2002-06-01,6.63,179.9,4.93,67.1,5537.8,131696,1.94,6,24.08,99.28163343,7322.5
2002-07-01,6.53,180.1,4.65,67.2,5578.7,130254,2.09,5.9,25.74,99.02668228,7387.3
2002-08-01,6.37,180.7,4.26,66.8,5621.7,130340,2.13,5.7,26.65,98.7542201,7412.6
2002-09-01,6.15,181,3.87,66.6,5646.5,130860,1.87,5.4,28.4,98.50129476,7391.5
2002-10-01,6.32,181.3,3.94,66.6,5685.3,131530,2.03,5.3,27.54,98.30208375,7435.2
2002-11-01,6.31,181.3,4.05,66.3,5757.5,131651,2.13,5.6,24.34,98.17044497,7463.8
2002-12-01,6.21,180.9,4.03,66.2,5804,131243,2.19,5.7,28.33,98.08210253,7519.9
2003-01-01,6.17,181.7,4.05,66.1,5793.5,128561,2.31,6.5,31.18,98.01774579,7541.3
2003-02-01,5.95,183.1,3.9,66.2,5820.8,128978,2.27,6.4,32.77,97.98737308,7548.6
2003-03-01,5.89,184.2,3.81,66.2,5882.1,129474,2.24,6.2,30.61,98.02019186,7611.5
2003-04-01,5.74,183.8,3.96,66.2,5938.5,130132,2.34,5.8,25,98.14056516,7634.5
2003-05-01,5.22,183.5,3.57,66.2,5938.2,130892,2.15,5.8,25.86,98.34269768,7650.3
2003-06-01,4.97,183.7,3.33,67,5992.4,131222,2.1,6.5,27.65,98.60212503,7699.6
2003-07-01,5.49,183.9,3.98,66.8,6035.3,129883,2.51,6.3,28.35,98.90589371,7757
2003-08-01,5.88,184.6,4.45,66.3,6091.8,129936,2.59,6,29.89,99.24404837,7852.1
2003-09-01,5.72,185.2,4.27,65.9,6063.9,130591,2.56,5.8,27.11,99.6060504,7853.7
2003-10-01,5.7,185,4.29,66.1,6048.3,131384,2.54,5.6,29.61,99.97283644,7867.4
2003-11-01,5.65,184.5,4.3,66.1,6077,131548,2.37,5.6,28.75,100.3145817,7922.6
2003-12-01,5.62,184.3,4.27,65.8,6098.6,131368,2.36,5.4,29.81,100.6010521,7950.4
2004-01-01,5.54,185.2,4.15,65.7,6058.9,128709,2.39,6.3,31.28,100.8167652,8007.1
2004-02-01,5.5,186.2,4.08,65.7,6089,129320,2.34,6,30.86,100.9457332,8040.4
2004-03-01,5.33,187.4,3.83,65.8,6168.5,130361,2.25,6,33.63,101.0054486,8098.8
2004-04-01,5.73,188,4.35,65.7,6235.9,131477,2.28,5.4,33.59,101.0072146,8107.2
2004-05-01,6.04,189.1,4.72,65.8,6249.6,132380,2.19,5.3,37.57,100.9690499,8176.5
2004-06-01,6.01,189.7,4.73,66.5,6272.8,132825,1.97,5.8,35.18,100.8993806,8157.6
2004-07-01,5.82,189.4,4.5,66.8,6279.1,131664,1.86,5.7,38.22,100.8035013,8236.9
2004-08-01,5.65,189.5,4.28,66.2,6300.9,131685,1.77,5.4,42.74,100.6961111,8271.6
2004-09-01,5.46,189.9,4.13,65.7,6334,132400,1.6,5.1,43.2,100.6016182,8341.5
2004-10-01,5.47,190.9,4.1,66,6355.6,133380,1.52,5.1,49.78,100.5370284,8397.1
2004-11-01,5.52,191,4.19,66.1,6405.1,133631,1.34,5.2,43.11,100.5102549,8444.5
2004-12-01,5.47,190.3,4.23,65.8,6447.4,133400,1.22,5.1,39.6,100.4972747,8504.4
2005-01-01,5.36,190.7,4.22,65.4,6404.1,130696,1,5.7,44.51,100.465498,8497.7
2005-02-01,5.2,191.8,4.17,65.6,6405.7,131519,0.79,5.8,45.48,100.4087346,8559.1
2005-03-01,5.4,193.3,4.5,65.6,6464.9,132358,0.77,5.4,53.1,100.3371414,8598.4
2005-04-01,5.33,194.6,4.34,65.8,6508.3,133572,0.69,4.9,51.88,100.2832173,8678.4
2005-05-01,5.15,194.4,4.14,66,6459.8,134385,0.5,4.9,48.65,100.2702497,8671.6
2005-06-01,4.96,194.5,4,66.5,6511.8,135054,0.36,5.2,54.35,100.2962748,8753.4
2005-07-01,5.06,195.4,4.18,66.8,6530.7,133993,0.31,5.2,57.52,100.3384397,8853.8
2005-08-01,5.09,196.4,4.26,66.5,6555,134244,0.22,4.9,63.98,100.3998318,8850.1
2005-09-01,5.13,198.8,4.2,66.1,6587.7,134871,0.25,4.8,62.91,100.4936429,8900.4
2005-10-01,5.35,199.2,4.46,66.2,6615,135599,0.19,4.6,58.54,100.631082,8938.5
2005-11-01,5.42,197.6,4.54,66.1,6655.7,136157,0.12,4.8,55.24,100.7991232,8946.2
2005-12-01,5.37,196.8,4.47,65.9,6708.9,135956,0.07,4.6,56.86,100.9613816,8981.1
2006-01-01,5.29,198.3,4.42,65.5,6707.1,133303,0.02,5.1,62.99,101.0885803,9071.6
2006-02-01,5.35,198.7,4.57,65.7,6724.2,134228,-0.1,5.1,60.21,101.1704712,9096
2006-03-01,5.53,199.8,4.72,65.8,6796.7,135209,-0.01,4.8,62.06,101.1999495,9132.9
2006-04-01,5.84,201.5,4.99,65.8,6860.1,136123,0.1,4.5,70.26,101.1762,9191.6
2006-05-01,5.95,202.5,5.11,66,6798.4,136928,0.14,4.4,69.78,101.1215791,9231.8
2006-06-01,5.89,202.9,5.11,66.7,6852.1,137432,-0.01,4.8,68.56,101.0698362,9259.6
2006-07-01,5.85,203.5,5.09,66.9,6873.6,136255,-0.03,5,73.67,101.0396636,9343.8
2006-08-01,5.68,203.9,4.88,66.5,6892.3,136462,-0.02,4.6,73.23,101.0490492,9342.2
2006-09-01,5.51,202.9,4.72,66.1,6919.7,137131,-0.05,4.4,61.96,101.105954,9375.4
2006-10-01,5.51,201.8,4.73,66.4,6962.5,137831,-0.07,4.1,57.81,101.1917389,9393.6
2006-11-01,5.33,201.5,4.6,66.4,7024.9,138217,-0.14,4.3,58.76,101.2916395,9400.2
2006-12-01,5.32,201.8,4.56,66.3,7100.1,138106,-0.11,4.3,62.47,101.3989179,9488.3
2007-01-01,5.4,202.416,4.76,65.9,7098.2,135317,-0.12,5,53.68,101.5038509,9538.7
2007-02-01,5.39,203.499,4.72,65.8,7109.7,136008,-0.13,4.9,57.56,101.6073514,9566
2007-03-01,5.3,205.352,4.56,65.9,7207.6,136906,-0.01,4.5,62.05,101.7155915,9611.7
2007-04-01,5.47,206.686,4.69,65.7,7296.5,137712,0.02,4.3,67.49,101.8191092,9643.6
2007-05-01,5.47,207.949,4.75,65.8,7241,138655,-0.02,4.3,67.21,101.897221,9685.8
2007-06-01,5.79,208.352,5.1,66.6,7285.1,139157,0.12,4.7,71.05,101.934506,9706.8
2007-07-01,5.73,208.299,5,66.8,7287.9,137760,0.18,4.9,76.93,101.9183313,9751.1
2007-08-01,5.79,207.917,4.67,66.1,7347.2,137872,0.36,4.6,70.76,101.8469871,9798.9
2007-09-01,5.74,208.49,4.52,66,7367.6,138437,0.51,4.5,77.17,101.7461893,9845.1
2007-10-01,5.66,208.936,4.53,66,7378.6,139180,0.56,4.4,82.34,101.6347884,9882.7
2007-11-01,5.44,210.177,4.15,66.1,7436.8,139492,0.81,4.5,92.41,101.5178052,9955.9
2007-12-01,5.49,210.036,4.1,65.9,7504.2,139279,0.98,4.8,90.93,101.4058565,9972.8
2008-01-01,5.33,211.08,3.74,65.7,7502.6,136250,1.26,5.4,92.18,101.2893995,9996.4
2008-02-01,5.53,211.693,3.74,65.5,7585.2,136769,1.77,5.2,94.99,101.155966,9981.7
2008-03-01,5.51,213.528,3.51,65.7,7719.2,137361,1.89,5.2,103.64,101.0056536,10035.3
2008-04-01,5.55,214.823,3.68,65.7,7767.6,137896,1.63,4.8,109.07,100.8199384,10070.3
2008-05-01,5.57,216.632,3.88,66,7709.1,138470,1.43,5.2,122.8,100.5720601,10132.3
2008-06-01,5.68,218.815,4.1,66.6,7731.7,138665,1.33,5.7,132.32,100.2237391,10187.1
2008-07-01,5.67,219.964,4.01,66.8,7745,137185,1.44,6,132.72,99.74548384,10185.1
2008-08-01,5.64,219.086,3.89,66.4,7742.7,137077,1.47,6.1,113.24,99.12441399,10175.7
2008-09-01,5.65,218.783,3.69,65.9,7815.6,137130,1.61,6,97.23,98.37315334,10116.4
2008-10-01,6.28,216.573,3.81,66.1,7922.1,137425,2.2,6.1,71.58,97.5475549,10034.1
2008-11-01,6.12,212.425,3.53,65.8,8012.5,136743,2.32,6.5,52.45,96.75816514,9885.2
2008-12-01,5.05,210.228,2.42,65.7,8231.5,135715,1.6,7.1,39.95,96.09572555,9801.5
2009-01-01,5.05,211.143,2.52,65.4,8276.4,132024,1.71,8.5,43.44,95.61755282,9847.2
2009-02-01,5.27,212.193,2.87,65.5,8305.2,131791,1.89,8.9,43.32,95.35678426,9824.5
2009-03-01,5.5,212.709,2.82,65.4,8441.1,131658,1.89,9,46.54,95.32857121,9773.2
2009-04-01,5.39,213.24,2.93,65.4,8441.5,131842,2,8.6,50.18,95.52176208,9772.5
2009-05-01,5.54,213.856,3.29,65.5,8428.6,132115,2.36,9.1,57.3,95.87152734,9791.6
2009-06-01,5.61,215.693,3.72,66.2,8441.3,131934,2.54,9.7,68.61,96.31575597,9852.4
2009-07-01,5.41,215.351,3.56,66.2,8407.6,130336,2.54,9.7,64.44,96.79970831,9886.3
2009-08-01,5.26,215.834,3.59,65.6,8386.7,130215,2.47,9.6,72.51,97.28828582,10004.1
2009-09-01,5.13,215.969,3.4,65,8394.9,130573,2.44,9.5,67.65,97.75545488,9927.8
2009-10-01,5.15,216.177,3.39,64.9,8426.4,131172,2.44,9.5,72.77,98.18717138,9976.7
2009-11-01,5.19,216.33,3.4,64.9,8501.2,131220,2.6,9.4,76.66,98.58341245,9985.7
2009-12-01,5.26,215.949,3.59,64.4,8543.7,130673,2.72,9.7,74.46,98.94790322,10052.6
2010-01-01,5.26,216.687,3.73,64.6,8464.4,127804,2.8,10.6,76.17,99.26342017,10056.1
2010-02-01,5.35,216.741,3.69,64.6,8508.4,128239,2.83,10.4,73.75,99.50065669,10093.4
2010-03-01,5.27,217.631,3.73,64.8,8576.6,129073,2.77,10.2,78.83,99.66080144,10156
2010-04-01,5.29,218.009,3.85,64.9,8601.8,130196,2.79,9.5,84.82,99.72769411,10182.3
2010-05-01,4.96,218.178,3.42,64.8,8584.2,131314,2.59,9.3,75.95,99.71018858,10210.8
2010-06-01,4.88,217.965,3.2,65.1,8606.4,131432,2.48,9.6,74.76,99.64372422,10231.3
2010-07-01,4.72,218.011,3.01,65.3,8576.9,130094,2.39,9.7,75.58,99.58635413,10268.1
2010-08-01,4.49,218.312,2.7,65,8607.7,130158,2.18,9.5,77.04,99.58336277,10307.1
2010-09-01,4.53,218.439,2.65,64.6,8649.5,130652,2.17,9.2,77.84,99.64484999,10327.1
2010-10-01,4.68,218.711,2.54,64.4,8710.4,131624,2.16,9,82.67,99.75772772,10386.4
2010-11-01,4.87,218.803,2.76,64.4,8775.5,131930,2.31,9.3,85.28,99.91560898,10433.6
2010-12-01,5.02,219.179,3.29,64.1,8857.6,131624,2.67,9.1,91.45,100.0833654,10471
2011-01-01,5.04,220.223,3.39,63.9,8850,128761,2.78,9.8,96.52,100.2239092,10514.3
2011-02-01,5.22,221.309,3.58,63.9,8887.1,129575,2.81,9.5,103.72,100.3052137,10540.6
2011-03-01,5.13,223.467,3.41,64,9000.6,130481,2.71,9.2,114.64,100.2953872,10619.7
2011-04-01,5.16,224.906,3.46,63.9,9055.6,131698,2.73,8.7,123.26,100.1934599,10652.1
2011-05-01,4.96,225.964,3.17,64.1,9025.6,132382,2.61,8.7,114.99,100.0117096,10672.2
2011-06-01,4.99,225.722,3,64.5,9113.9,132871,2.59,9.3,113.83,99.76797113,10694.8
2011-07-01,4.93,225.922,3,64.6,9266.6,131597,2.59,9.3,116.97,99.50703914,10731.6
2011-08-01,4.37,226.545,2.3,64.3,9461.8,131872,2.07,9.1,110.22,99.28895922,10750.3
2011-09-01,4.09,226.889,1.98,64.2,9500.3,132618,1.77,8.8,112.83,99.17583216,10783.2
2011-10-01,3.98,226.421,2.15,64.1,9550.1,133541,1.87,8.5,109.55,99.19631195,10802.9
2011-11-01,3.87,226.23,2.01,63.9,9633.1,133876,1.76,8.2,110.77,99.32940708,10806.8
2011-12-01,3.93,225.672,1.98,63.8,9729.2,133701,1.72,8.3,107.87,99.52689513,10817.8
2012-01-01,3.85,226.665,1.97,63.4,9761.9,131095,1.73,8.8,110.69,99.72371618,10896.8
2012-02-01,3.85,227.663,1.97,63.6,9787,132049,1.69,8.7,119.33,99.86369756,10987.2
2012-03-01,3.99,229.392,2.17,63.6,9903.1,132953,1.83,8.4,125.45,99.92363477,10993.9
2012-04-01,3.96,230.085,2.05,63.4,9948.9,133836,1.76,7.7,119.75,99.90659148,11018.5
2012-05-01,3.8,229.815,1.8,63.8,9882.9,134650,1.51,7.9,110.34,99.83138197,11006.8
2012-06-01,3.64,229.478,1.62,64.3,9960.8,134987,1.33,8.4,95.16,99.73298716,10989.8
2012-07-01,3.4,229.104,1.53,64.3,10005.9,133778,1.28,8.6,102.62,99.65778342,11016.8
2012-08-01,3.48,230.379,1.68,63.7,10069,134157,1.41,8.2,113.36,99.62800078,11056
2012-09-01,3.49,231.407,1.72,63.6,10165.2,134785,1.46,7.6,112.86,99.65527109,11105.3
2012-10-01,3.47,231.317,1.75,63.8,10245.8,135632,1.47,7.5,111.71,99.71850812,11137.4
2012-11-01,3.5,230.221,1.65,63.5,10343,136021,1.38,7.4,109.06,99.80309801,11178.4
2012-12-01,3.65,229.601,1.72,63.4,10531.4,135946,1.46,7.6,109.49,99.9128809,11181.2
2013-01-01,3.8,230.28,1.91,63.3,10506.6,133064,1.64,8.5,112.96,100.0401909,11245.8
2013-02-01,3.9,232.166,1.98,63.2,10480,134102,1.71,8.1,116.05,100.169431,11282.1
2013-03-01,3.93,232.773,1.96,63.1,10626.9,134901,1.7,7.6,108.47,100.2801151,11268.9
2013-04-01,3.73,232.531,1.76,63.1,10655.8,135906,1.53,7.1,102.25,100.384401,11259.3
2013-05-01,3.89,232.945,1.93,63.5,10578.7,136799,1.68,7.3,102.56,100.4875479,11295.1
2013-06-01,4.27,233.504,2.3,64,10643.3,137208,1.97,7.8,102.92,100.5692261,11318.5
2013-07-01,4.34,233.596,2.58,64,10682.3,136034,2.24,7.7,107.93,100.6172944,11346.8
2013-08-01,4.54,233.877,2.74,63.4,10738,136471,2.38,7.3,111.28,100.641767,11376.9
2013-09-01,4.64,234.149,2.81,63.2,10805.9,137079,2.41,7,111.6,100.6503359,11413.9
2013-10-01,4.53,233.546,2.62,62.9,10933,138001,2.28,7,109.08,100.65078,11465.2
2013-11-01,4.63,233.069,2.72,62.9,10977.2,138526,2.42,6.6,107.79,100.6507643,11531.3
2013-12-01,4.62,233.049,2.9,62.6,11104.3,138275,2.56,6.5,110.76,100.6417272,11558.6
2014-01-01,4.49,233.916,2.86,62.5,11101.6,135471,2.47,7,108.12,100.6279112,11543.7
2014-02-01,4.45,234.781,2.71,62.7,11153.4,136211,2.38,7,108.9,100.6382872,11615.4
2014-03-01,4.38,236.293,2.72,62.9,11278.4,137169,2.32,6.8,107.48,100.6756095,11695.2
2014-04-01,4.24,237.072,2.71,62.6,11331.6,138307,2.29,5.9,107.76,100.7244786,11737.4
2014-05-01,4.16,237.9,2.56,62.9,11274.8,139219,2.17,6.1,109.54,100.7710708,11778.6
2014-06-01,4.25,238.343,2.6,63.4,11336.8,139806,2.15,6.3,111.8,100.8107011,11838
2014-07-01,4.16,238.25,2.54,63.5,11391.8,138727,2.03,6.5,106.77,100.8354317,11879.2
2014-08-01,4.08,237.852,2.42,63,11422.7,139107,1.95,6.3,101.61,100.8473576,11958.8
2014-09-01,4.11,238.031,2.53,62.8,11470.6,139793,1.96,5.7,97.09,100.8454243,11964.9
2014-10-01,3.92,237.433,2.3,63,11538.6,140847,1.85,5.5,87.43,100.8195993,12035.5
2014-11-01,3.92,236.151,2.33,62.8,11615,141312,1.8,5.5,79.44,100.7732648,12058.4
2014-12-01,3.79,234.812,2.21,62.5,11760,141308,1.57,5.4,62.34,100.70291,12067.6
2015-01-01,3.46,233.707,1.88,62.5,11759,138493,1.33,6.1,47.76,100.6141113,12036.5
2015-02-01,3.61,234.722,1.98,62.5,11847.1,139324,1.36,5.8,58.1,100.5176164,12083.1
2015-03-01,3.64,236.119,2.04,62.5,11956.7,140081,1.4,5.6,55.89,100.4217937,12132.2
2015-04-01,3.52,236.599,1.94,62.6,12004.7,141264,1.4,5.1,59.52,100.329222,12170.3
2015-05-01,3.98,237.805,2.2,63,11907.9,142206,1.59,5.3,64.08,100.231857,12233.6
2015-06-01,4.19,238.638,2.36,63.1,11962.5,142681,1.67,5.5,61.48,100.1249321,12270.3
2015-07-01,4.15,238.654,2.32,63.2,12012.9,141729,1.65,5.6,56.56,99.98278579,12327.5
2015-08-01,4.04,238.316,2.17,62.7,12070.4,141921,1.47,5.2,46.52,99.81653966,12359.3
2015-09-01,4.07,237.945,2.17,62.3,12138.2,142479,1.46,4.9,47.62,99.65397112,12356.4
2015-10-01,3.95,237.838,2.07,62.5,12171.5,143627,1.43,4.8,48.43,99.52145458,12362.3
2015-11-01,4.06,237.336,2.26,62.5,12297.9,144048,1.38,4.8,44.27,99.41157201,12397.5
2015-12-01,3.97,236.525,2.24,62.4,12427.3,144046,1.26,4.8,38.01,99.31318476,12432.8
2016-01-01,4,236.916,2.09,62.3,12478.4,141072,1.19,5.3,30.7,99.23051812,12452.1
2016-02-01,3.96,237.111,1.78,62.7,12517.1,141903,1.05,5.2,32.18,99.17484951,12526.3
2016-03-01,3.82,238.132,1.89,62.8,12684.8,142798,1.01,5.1,38.21,99.15532342,12506.8
2016-04-01,3.62,239.261,1.81,62.7,12778.6,143892,1.04,4.7,41.58,99.15842228,12586
2016-05-01,3.65,240.229,1.81,62.7,12708.4,144541,0.99,4.5,46.74,99.17131936,12624.4
2016-06-01,3.5,241.018,1.64,63.2,12789,145205,0.91,5.1,48.25,99.18337219,12701.7
2016-07-01,3.28,240.628,1.5,63.4,12850.1,144232,0.83,5.1,44.95,99.20439166,12720.6
2016-08-01,3.32,240.849,1.56,62.9,12946.7,144485,0.82,5,45.84,99.24735392,12749.8
2016-09-01,3.41,241.428,1.63,62.8,13016.2,145151,0.86,4.8,46.57,99.32291136,12806.8
2016-10-01,3.51,241.729,1.76,62.8,13079.4,146033,0.92,4.7,49.52,99.43029734,12828.1
2016-11-01,3.86,241.353,2.14,62.6,13191.8,146465,1.16,4.4,44.73,99.55138763,12853.6
2016-12-01,4.06,241.432,2.49,62.4,13299.9,146253,1.29,4.5,53.31,99.66849222,12962.9
2017-01-01,3.92,242.839,2.43,62.5,13281.6,143377,1.22,5.1,54.58,99.76074483,13020.4
2017-02-01,3.95,243.603,2.42,62.7,13305.6,144406,1.22,4.9,54.87,99.82153744,13038.6
2017-03-01,4.01,243.801,2.48,62.9,13491.7,145062,1.17,4.6,51.59,99.85631202,13089.3
2017-04-01,3.87,244.524,2.3,62.8,13565,146086,1.06,4.1,52.31,99.87725138,13114.1
2017-05-01,3.85,244.733,2.3,62.8,13474.1,146925,1,4.1,50.33,99.9020738,13117.6
2017-06-01,3.68,244.955,2.19,63.3,13522.1,147568,0.85,4.5,46.37,99.9382068,13170.3
2017-07-01,3.7,244.786,2.32,63.5,13584.4,146465,0.95,4.6,48.48,99.98293814,13193.5
2017-08-01,3.63,245.519,2.21,63,13653.7,146782,0.87,4.5,51.7,100.05168,13234.1
2017-09-01,3.63,246.819,2.2,63,13705.5,147170,0.82,4.1,56.15,100.1379705,13353.4
2017-10-01,3.6,246.663,2.36,62.7,13750.7,148183,0.81,3.9,57.51,100.2302312,13383.4
2017-11-01,3.57,246.669,2.35,62.7,13819.9,148757,0.65,3.9,62.71,100.3158857,13479.8
2017-12-01,3.51,246.524,2.4,62.4,13945,148510,0.56,3.9,64.37,100.3962325,13609
2018-01-01,3.55,247.867,2.58,62.3,13863.1,145412,0.55,4.5,69.08,100.4818485,13628.4
2018-02-01,3.82,248.991,2.86,62.9,13849.1,146649,0.68,4.4,65.32,100.5687191,13668.3
2018-03-01,3.87,249.554,2.84,62.8,14031,147352,0.56,4.1,66.02,100.6306862,13735.4
2018-04-01,3.85,250.546,2.87,62.7,14069.5,148329,0.49,3.7,72.11,100.6581149,13792.1
2018-05-01,4,251.588,2.98,62.8,13980.4,149264,0.47,3.6,76.98,100.6574226,13860.2
2018-06-01,3.96,251.989,2.91,63.4,14074.7,149930,0.38,4.2,74.41,100.6340823,13900.2
2018-07-01,3.87,252.006,2.89,63.5,14109.6,148766,0.28,4.1,74.25,100.5899154,13952.3
2018-08-01,3.88,252.146,2.89,62.7,14164.9,149236,0.25,3.9,72.53,100.5227439,14001.1
2018-09-01,3.98,252.439,3,62.7,14199.5,149548,0.23,3.6,78.89,100.4151294,14013
2018-10-01,4.14,252.885,3.15,62.9,14201.4,150551,0.29,3.5,81.03,100.2681725,14096.5
2018-11-01,4.22,252.038,3.12,62.9,14255.1,151032,0.26,3.5,64.75,100.1040647,14160.6
2018-12-01,4.02,251.233,2.83,62.8,14448.8,150832,0.15,3.7,57.36,99.94885468,14051.7
2019-01-01,3.93,251.712,2.71,62.8,14423.8,147879,0.17,4.4,59.41,99.82040596,14090
2019-02-01,3.79,252.776,2.68,63,14401.9,148684,0.18,4.1,63.96,99.72456638,14113.9
2019-03-01,3.77,254.202,2.57,63,14572.5,149359,0.16,3.9,66.14,99.65446855,14233.8
2019-04-01,3.69,255.548,2.53,62.7,14623,150421,0.19,3.3,71.23,99.58445085,14272.6
2019-05-01,3.67,256.092,2.4,62.8,14575,151094,0.19,3.4,71.32,99.50838434,14322.1
2019-06-01,3.42,256.143,2.07,63.4,14734.8,151716,0.26,3.8,64.22,99.43025865,14376.6
2019-07-01,3.29,256.571,2.06,63.6,14814.4,150658,0.22,4,63.92,99.35534623,14448.3
2019-08-01,2.98,256.558,1.63,63.2,14896.1,151094,0.06,3.8,59.04,99.29377063,14487
2019-09-01,3.03,256.759,1.7,63.1,14986.8,151511,0.05,3.3,62.83,99.2709694,14511.2
2019-10-01,3.01,257.346,1.71,63.3,15112.2,152500,0.16,3.3,59.71,99.278352,14554.2
2019-11-01,3.06,257.208,1.81,63.2,15259.4,153095,0.2,3.3,63.21,99.29162222,14613.8
2019-12-01,3.01,256.974,1.86,63,15412.5,152846,0.25,3.4,67.31,99.28850897,14689.2
2020-01-01,2.94,257.971,1.76,63,15397.1,150055,0.24,4,63.65,99.24447302,14728.8
2020-02-01,2.78,258.678,1.5,63.3,15383.1,150968,0.17,3.8,55.66,99.15001442,14785.7
2020-03-01,3.02,258.115,0.87,62.6,16056.1,149952,0.42,4.5,32.01,97.55680425,13806
2020-04-01,2.43,256.389,0.66,60,17102.4,130253,0.44,14.4,18.38,93.3272386,12082.4
2020-05-01,2.5,256.394,0.67,60.7,17766.9,133422,0.5,13,29.38,94.70713847,13129.4
2020-06-01,2.44,257.797,0.73,61.8,18103.7,138507,0.55,11.2,40.27,96.38894556,13937.5
2020-07-01,2.14,259.101,0.62,62,18252.8,139105,0.47,10.5,43.24,97.81746245,14230.1
2020-08-01,2.25,259.918,0.65,61.8,18319.2,140727,0.51,8.5,44.74,98.41453353,14352.8
2020-09-01,2.31,260.28,0.68,61.4,18543.1,141958,0.55,7.7,40.91,98.66695103,14583.3
2020-10-01,2.35,260.388,0.79,61.7,18689.1,143565,0.64,6.6,40.19,98.98453016,14626.1
2020-11-01,2.3,260.229,0.87,61.5,18980.6,144115,0.7,6.4,42.69,99.33764341,14561
2020-12-01,2.26,260.474,0.93,61.3,19247.9,143605,0.79,6.5,49.99,99.71018332,14571.1
2021-01-01,2.45,261.582,1.08,61,19371.9,140974,0.95,6.8,54.77,100.0433056,14932.2
2021-02-01,2.7,263.014,1.26,61.3,19523.8,142129,1.14,6.6,62.28,100.3779024,14843.2
2021-03-01,3.04,264.877,1.61,61.5,19946.2,143308,1.46,6.2,65.41,100.6654689,15619.1
2021-04-01,2.9,267.054,1.64,61.4,20270.1,144358,1.47,5.7,64.81,100.8976602,15712.6
2021-05-01,2.96,269.195,1.62,61.5,20319.6,145304,1.47,5.5,68.53,100.9544787,15767.9
2021-06-01,2.79,271.696,1.52,62.1,20440.6,146493,1.32,6.1,73.16,100.9511026,15960.1
2021-07-01,2.57,273.003,1.32,62.3,20566.3,146452,1.1,5.7,75.17,100.90298,16027.9
2021-08-01,2.55,273.567,1.28,61.8,20760,146947,1.06,5.3,70.75,100.8352947,16146
2021-09-01,2.53,274.31,1.37,61.7,20931.2,147651,1.13,4.6,74.49,100.7750321,16268
2021-10-01,2.68,276.589,1.58,61.8,21098,149310,1.19,4.3,83.54,100.7217458,16473.7
2021-11-01,2.62,277.948,1.56,61.9,21334.4,150210,1.05,3.9,81.05,100.6653394,16557.9
2021-12-01,2.65,278.802,1.47,61.7,21660.3,150352,0.78,3.7,74.17,100.584478,16522.4
2022-01-01,2.93,281.148,1.76,61.9,21636.8,147505,0.78,4.4,86.51,100.4624233,16725.6
2022-02-01,3.25,283.716,1.93,62.2,21590.3,149143,0.49,4.1,97.13,100.2952716,16844.5
2022-03-01,3.43,287.504,2.13,62.4,21855.8,149905,0.22,3.8,117.25,100.0811685,17054.2
2022-04-01,3.76,289.109,2.75,62,21849.1,150957,0.21,3.3,104.58,99.82890537,17115.6
2022-05-01,4.13,292.296,2.9,62.3,21555.2,151728,0.28,3.4,113.34,99.54935661,17231.1
2022-06-01,4.24,296.311,3.14,62.5,21585.4,152607,0.14,3.8,122.71,99.2781646,17437.4
2022-07-01,4.06,296.276,2.9,62.6,21578.8,152258,-0.14,3.8,111.93,99.05571317,17405
2022-08-01,4.07,296.171,2.9,62.4,21546.4,152674,-0.35,3.8,100.45,98.89189107,17518.2
2022-09-01,4.59,296.808,3.52,62.2,21459.5,153204,-0.34,3.3,89.76,98.76894649,17628.2
2022-10-01,5.1,298.012,3.98,62.3,21362.5,154416,-0.4,3.4,93.33,98.67133397,17776.1
2022-11-01,4.9,,3.89,62.1,,154990,-0.61,3.4,91.42,,
